{
	"playersWidth" : [{
		"name": "Scorpio", 
		"value" : [{
			"type"  : "hook",
		        "value" : [
         			 0,
         			 32,
         			 5,
          			 0,
         			 0,
         			 0
       				 ]
			},
{
			"type"  : "hp-r",
		        "value" : [
         			 0,
         			 0,
         			 13
       				 ]
			},

{
			"type"  : "hp-l",
		        "value" : [
         			 5,
         			 17,
         			 30,
				 158
       				 ]
			}

]

	}],

	"playersHeight" : [{
		"name": "Scorpio", 
		"value" : [{
			"type"  : "base",
		        "value" : [
         			 102,
         			 101,
         			 100,
          			 101,
         			 102,
         			 103
       				 ]
			},
{
			"type"  : "up",
		        "value" : [
         			 110,
         			 80
       				 ]
			},
{
			"type"  : "down",
		        "value" : [
         			 80,
         			 62
       				 ]
			},
{
			"type"  : "forward",
		        "value" : [
         			 108,
         			 109,
         			 111,
         			 107,
         			 106,
         			 105,
         			 108,
         			 108,
         			 107
       				 ]
			},
{
			"type"  : "backward",
		        "value" : [
         			 107,
         			 108,
         			 108,
         			 107,
         			 106,
         			 105,
         			 111,
         			 107,
         			 108
       				 ]
			},
{
			"type"  : "hook",
		        "value" : [
         			 75,
         			 98,
         			 120,
         			 115,
         			 105,
         			 101
       				 ]
			},
{
			"type"  : "hp-r",
		        "value" : [
         			  108,
         			  108,
         			  108
       				 ]
			},
{
			"type"  : "hp-l",
		        "value" : [
         			  108,
         			  108,
         			  108,
         			  108					
       				 ]
			}


]

	}],
	"collisionIndexes" : [{
		"name": "Scorpio", 
		"value" : [{
			"type"  : "hook",
		        "value" : 2
			},
{
			"type"  : "hp-r",
		        "value" : 2
			},

{
			"type"  : "hp-l",
		        "value" : 2
			}

]

	}]

}